registro,nombre,hora_entrada,hora_salida
D001,Sofía López,13:40,20:20
D002,Luis Jiménez,13:40,20:20
D003,Gabriela Gómez,13:40,20:20
D004,Elena Pérez,13:40,20:20
D005,Elena Cruz,13:40,20:20
D006,Luis Gómez,13:40,20:20
D007,Lucía Pérez,13:40,20:20
D008,Gabriela Ruiz,13:40,20:20
D009,Roberto Torres,13:40,20:20
D010,Esteban Sánchez,13:40,20:20
D011,Gabriela López,13:40,20:20
D012,Roberto Ruiz,13:40,20:20
D013,Lucía Ramírez,13:40,20:20
D014,José Torres,13:40,20:20
D015,Ana Jiménez,13:40,20:20
