{
    "generacion_final": 42,
    "aptitud_final": 128,
    "conflictos_finales": 0,
    "duracion_segundos": 17.9,
    "continuidad_global": 56.0,
    "continuidad_por_semestre": {
        "2\u00b0 semestre - Ingenier\u00eda Civil": 40.0,
        "3\u00b0 semestre - Ingenier\u00eda Civil": 60.0,
        "4\u00b0 semestre - Ingenier\u00eda Civil": 40.0,
        "5\u00b0 semestre - Ingenier\u00eda Civil": 60.0,
        "6\u00b0 semestre - Ingenier\u00eda Civil": 40.0,
        "7\u00b0 semestre - Ingenier\u00eda Civil": 60.0,
        "8\u00b0 semestre - Ingenier\u00eda Civil": 80.0,
        "9\u00b0 semestre - Ingenier\u00eda Civil": 80.0,
        "10\u00b0 semestre - Ingenier\u00eda Civil": 40.0,
        "1\u00b0 semestre - Ingenier\u00eda Civil": 60.0
    },
    "memoria_actual_MB": 0.03,
    "memoria_pico_MB": 0.05
}